﻿<?xml version="1.0" encoding="utf-8"?>
<!-- This list contains names/words with specific casing - and specific to Danish only -->
<names>
  <name>Aquarium</name>
  <name>Armfeldt</name>
  <name>Asgård</name>
  <name>Bahnhofstrasse</name>
  <name>Bartok</name>
  <name>Beaudine</name>
  <name>Beyonces</name>
  <name>Brahms</name>
  <name>Bäckström</name>
  <name>Cartier</name>
  <name>Cavanaughs</name>
  <name>Chardonnay</name>
  <name>Chewy</name>
  <name>Chopin</name>
  <name>Chopins</name>
  <name>Chung</name>
  <name>Cobain</name>
  <name>Corolla</name>
  <name>Danmark</name>
  <name>Diagonalstræde</name>
  <name>Dickens</name>
  <name>DiLaurentis</name>
  <name>Egerman</name>
  <name>England</name>
  <name>Erlandson</name>
  <name>Falcon</name>
  <name>Falconberg</name>
  <name>Fields</name>
  <name>Forrester</name>
  <name>Frankrig</name>
  <name>Fulton</name>
  <name>Fultons</name>
  <name>Gatsby</name>
  <name>Geographic</name>
  <name>Gerimax</name>
  <name>Guangdong</name>
  <name>Guarneri</name>
  <name>Hepburn</name>
  <name>Inc.</name>
  <name>Italien</name>
  <name>Juliard</name>
  <name>Kahn</name>
  <name>Kretzinsky</name>
  <name>København</name>
  <name>Leningrad</name>
  <name>Lyman</name>
  <name>Lymans</name>
  <name>Magnoliavej</name>
  <name>Mandelbaum</name>
  <name>Mandelbaums</name>
  <name>MBA</name>
  <name>McClellan</name>
  <name>Mellisas</name>
  <name>Mickey Mouse</name>
  <name>Mondeo</name>
  <name>Mondeoen</name>
  <name>Monterey</name>
  <name>MTV</name>
  <name>Nadjim</name>
  <name>Neumann</name>
  <name>Petterson</name>
  <name>Pransky</name>
  <name>Primulavænget</name>
  <name>Puttanesca</name>
  <name>Rintoul</name>
  <name>Rosewood</name>
  <name>Savitsky</name>
  <name>Schumanns</name>
  <name>Sheng</name>
  <name>Silverton</name>
  <name>Slytherins</name>
  <name>Splendini</name>
  <name>Strombel</name>
  <name>Tianjins</name>
  <name>Tinsley</name>
  <name>Trinity</name>
  <name>Ullman</name>
  <name>Uzés</name>
  <name>Versace</name>
  <name>Waldstein</name>
  <name>Waterman</name>
  <name>Wharton</name>
  <name>Wylie</name>
  <name>Yardley</name>
  <blacklist>
    <name>Rabat</name>
  </blacklist>
</names>