﻿<?xml version="1.0" encoding="utf-8"?>
<!-- This list contains names/words with specific casing - and specific to German only -->
<names>
  <name>Abelard</name>
  <name>Ada</name>
  <name>Adal</name>
  <name>Adalard</name>
  <name>Adalbert</name>
  <name>Adalgar</name>
  <name>Adalhard</name>
  <name>Adalheid</name>
  <name>Adalheida</name>
  <name>Adali</name>
  <name>Adalicia</name>
  <name>Adalie</name>
  <name>Adaliz</name>
  <name>Adalric</name>
  <name>Adalrik</name>
  <name>Adalwen</name>
  <name>Adalwin</name>
  <name>Adalwine</name>
  <name>Adalwolf</name>
  <name>Adalwolfa</name>
  <name>Adel</name>
  <name>Adela</name>
  <name>Adelbert</name>
  <name>Adelhard</name>
  <name>Adelheid</name>
  <name>Adelheide</name>
  <name>Adelina</name>
  <name>Adelinda</name>
  <name>Adeline</name>
  <name>Adelisa</name>
  <name>Adelita</name>
  <name>Adelyte</name>
  <name>Adette</name>
  <name>Adlar</name>
  <name>Adler</name>
  <name>Adne</name>
  <name>Adolpha</name>
  <name>Adriane</name>
  <name>Agathe</name>
  <name>Agustine</name>
  <name>Ahren</name>
  <name>Ailbe</name>
  <name>Aili</name>
  <name>Ailis</name>
  <name>Ailse</name>
  <name>Aksel</name>
  <name>Alarica</name>
  <name>Alarice</name>
  <name>Alarick</name>
  <name>Alarik</name>
  <name>Alberta</name>
  <name>Albertina</name>
  <name>Albertine</name>
  <name>Albertyne</name>
  <name>Albrecht</name>
  <name>Ald</name>
  <name>Alda</name>
  <name>Aldona</name>
  <name>Aldrik</name>
  <name>Aleda</name>
  <name>Aleida</name>
  <name>Alfonsine</name>
  <name>Alfreda</name>
  <name>Alger</name>
  <name>Alhmanic</name>
  <name>Alhsom</name>
  <name>Alhwin</name>
  <name>Alida</name>
  <name>Alisz</name>
  <name>Aliz</name>
  <name>Allaryce</name>
  <name>Alois</name>
  <name>Aloisia</name>
  <name>Alonsa</name>
  <name>Aloysia</name>
  <name>Alphonsine</name>
  <name>Alphonso</name>
  <name>Alric</name>
  <name>Alrick</name>
  <name>Alrik</name>
  <name>Altmann</name>
  <name>Alva</name>
  <name>Alvar</name>
  <name>Alvara</name>
  <name>Alvarie</name>
  <name>Alvie</name>
  <name>Alvy</name>
  <name>Alwin</name>
  <name>Alyda</name>
  <name>Alys</name>
  <name>Amalasand</name>
  <name>Amalasanda</name>
  <name>Amald</name>
  <name>Amalda</name>
  <name>Amall</name>
  <name>Amaud</name>
  <name>Amd</name>
  <name>Amdt</name>
  <name>Ame</name>
  <name>Amell</name>
  <name>Amery</name>
  <name>Amet</name>
  <name>Amett</name>
  <name>Amey</name>
  <name>Amhold</name>
  <name>Ami</name>
  <name>Amo</name>
  <name>Amold</name>
  <name>Amoll</name>
  <name>Amory</name>
  <name>Amot</name>
  <name>Amott</name>
  <name>Amwolf</name>
  <name>Angelika</name>
  <name>Annamaria</name>
  <name>Annemarie</name>
  <name>Anni</name>
  <name>Ansel</name>
  <name>Ansell</name>
  <name>Anselmo</name>
  <name>Ansgar</name>
  <name>Anson</name>
  <name>Antonie</name>
  <name>Apsel</name>
  <name>Arabella</name>
  <name>Ararinda</name>
  <name>Archard</name>
  <name>Archimbald</name>
  <name>Ardal</name>
  <name>Are</name>
  <name>Aren</name>
  <name>Arend</name>
  <name>Aric</name>
  <name>Arick</name>
  <name>Arik</name>
  <name>Arleigh</name>
  <name>Armina</name>
  <name>Arnt</name>
  <name>Arvin</name>
  <name>Audric</name>
  <name>Audrick</name>
  <name>Audwin</name>
  <name>Audwine</name>
  <name>Augustine</name>
  <name>Aurick</name>
  <name>Aurik</name>
  <name>Baldemar</name>
  <name>Baldhart</name>
  <name>Baldric</name>
  <name>Baldrik</name>
  <name>Balduin</name>
  <name>Baldwyn</name>
  <name>Baltasar</name>
  <name>Bamard</name>
  <name>Bamey</name>
  <name>Bannan</name>
  <name>Bannruod</name>
  <name>Barnard</name>
  <name>Bartram</name>
  <name>Bathild</name>
  <name>Bathilda</name>
  <name>Bathilde</name>
  <name>Bem</name>
  <name>Bemadette</name>
  <name>Bemelle</name>
  <name>Bemot</name>
  <name>Benat</name>
  <name>Ber</name>
  <name>Berchtwald</name>
  <name>Berdina</name>
  <name>Berdine</name>
  <name>Berdy</name>
  <name>Berend</name>
  <name>Berg</name>
  <name>Berinhard</name>
  <name>Berit</name>
  <name>Berlyn</name>
  <name>Bernardyn</name>
  <name>Bernd</name>
  <name>Berne</name>
  <name>Bernhard</name>
  <name>Bernon</name>
  <name>Berowalt</name>
  <name>Berrin</name>
  <name>Berthold</name>
  <name>Bertina</name>
  <name>Bing</name>
  <name>Binga</name>
  <name>Binge</name>
  <name>Bittan</name>
  <name>Bitten</name>
  <name>Blas</name>
  <name>Blasa</name>
  <name>Boell</name>
  <name>Bogart</name>
  <name>Bogohardt</name>
  <name>Brand</name>
  <name>Bren</name>
  <name>Brendis</name>
  <name>Bruna</name>
  <name>Brune</name>
  <name>Brunhild</name>
  <name>Brunhilda</name>
  <name>Brunhilde</name>
  <name>Brunon</name>
  <name>Burhardt</name>
  <name>Burkhart</name>
  <name>Burlin</name>
  <name>Burnard</name>
  <name>Burnell</name>
  <name>Chlodwig</name>
  <name>Chriselda</name>
  <name>Clarimond</name>
  <name>Clarimonda</name>
  <name>Clarimonde</name>
  <name>Claudelle</name>
  <name>Claudette</name>
  <name>Claudine</name>
  <name>Clotilda</name>
  <name>Clotilde</name>
  <name>Clovis</name>
  <name>Conradin</name>
  <name>Conradina</name>
  <name>Conradine</name>
  <name>Conrado</name>
  <name>Cord</name>
  <name>Corrado</name>
  <name>Cort</name>
  <name>Dagmar</name>
  <name>Dagoberto</name>
  <name>Dagomar</name>
  <name>Darek</name>
  <name>Dearg</name>
  <name>Dedric</name>
  <name>Dedrick</name>
  <name>Dedrik</name>
  <name>Della</name>
  <name>Delma</name>
  <name>Delmi</name>
  <name>Delmira</name>
  <name>Delmy</name>
  <name>Dereck</name>
  <name>Derick</name>
  <name>Derik</name>
  <name>Derrek</name>
  <name>Derrik</name>
  <name>Derry</name>
  <name>Deryck</name>
  <name>Deryk</name>
  <name>Deutsch</name>
  <name>Dick</name>
  <name>Didrika</name>
  <name>Diederich</name>
  <name>Diedrick</name>
  <name>Dierck</name>
  <name>Dieter</name>
  <name>Dietz</name>
  <name>Dirk</name>
  <name>Dolphus</name>
  <name>Drud</name>
  <name>Drugi</name>
  <name>Eadaion</name>
  <name>Earnest</name>
  <name>Eartha</name>
  <name>Ebba</name>
  <name>Eberhard</name>
  <name>Eberhardt</name>
  <name>Eburhardt</name>
  <name>Eckerd</name>
  <name>Edda</name>
  <name>Edel</name>
  <name>Edelina</name>
  <name>Edeline</name>
  <name>Ediline</name>
  <name>Edingu</name>
  <name>Edlin</name>
  <name>Edsel</name>
  <name>Eduard</name>
  <name>Edwyn</name>
  <name>Eginhard</name>
  <name>Eginhardt</name>
  <name>Egon</name>
  <name>Ehren</name>
  <name>Einhard</name>
  <name>Einhardt</name>
  <name>Ekerd</name>
  <name>Ekhard</name>
  <name>Elbert</name>
  <name>Elfrida</name>
  <name>Elica</name>
  <name>Elke</name>
  <name>Ellery</name>
  <name>Elma</name>
  <name>Eloy</name>
  <name>Else</name>
  <name>Elsha</name>
  <name>Elsje</name>
  <name>Ely</name>
  <name>Elyse</name>
  <name>Ema</name>
  <name>Emerson</name>
  <name>Emery</name>
  <name>Emest</name>
  <name>Emestina</name>
  <name>Emestine</name>
  <name>Emmaline</name>
  <name>Emmalyn</name>
  <name>Emmeline</name>
  <name>Emmy</name>
  <name>Emo</name>
  <name>Emst</name>
  <name>Enando</name>
  <name>Engel</name>
  <name>Engelbertha</name>
  <name>Engelbertina</name>
  <name>Engelbertine</name>
  <name>Englbehrt</name>
  <name>Englebert</name>
  <name>Engleberta</name>
  <name>Enno</name>
  <name>Eno</name>
  <name>Eraman</name>
  <name>Eramana</name>
  <name>Erchanbold</name>
  <name>Erchanhardt</name>
  <name>Erhard</name>
  <name>Erhardt</name>
  <name>Erich</name>
  <name>Erkerd</name>
  <name>Erma</name>
  <name>Erna</name>
  <name>Ernesha</name>
  <name>Ernestina</name>
  <name>Ernestine</name>
  <name>Errol</name>
  <name>Erroll</name>
  <name>Ertha</name>
  <name>Ethelinda</name>
  <name>Ethelinde</name>
  <name>Etta</name>
  <name>Eugen</name>
  <name>Everard</name>
  <name>Evert</name>
  <name>Evon</name>
  <name>Evonna</name>
  <name>Evonne</name>
  <name>Evony</name>
  <name>Evrard</name>
  <name>Eward</name>
  <name>Ewart</name>
  <name>Falk</name>
  <name>Falke</name>
  <name>Falken</name>
  <name>Felda</name>
  <name>Felisberta</name>
  <name>Fernanda</name>
  <name>Fonsie</name>
  <name>Fonso</name>
  <name>Fonzell</name>
  <name>Fonzie</name>
  <name>Fonzo</name>
  <name>Frantz</name>
  <name>Franziska</name>
  <name>Fredda</name>
  <name>Freddi</name>
  <name>Frederica</name>
  <name>Frederika</name>
  <name>Fredrika</name>
  <name>Fremont</name>
  <name>Frieda</name>
  <name>Friedrich</name>
  <name>Friedrick</name>
  <name>Frimunt</name>
  <name>Fritzi</name>
  <name>Gabriele</name>
  <name>Gaelle</name>
  <name>Galiana</name>
  <name>Galiena</name>
  <name>Garan</name>
  <name>Garen</name>
  <name>Garey</name>
  <name>Garin</name>
  <name>Garion</name>
  <name>Garon</name>
  <name>Garren</name>
  <name>Garrey</name>
  <name>Garrick</name>
  <name>Garrin</name>
  <name>Garron</name>
  <name>Garry</name>
  <name>Garvyn</name>
  <name>Geneve</name>
  <name>Genevie</name>
  <name>Genivee</name>
  <name>Genoveva</name>
  <name>Genowefa</name>
  <name>Geomar</name>
  <name>Geraldina</name>
  <name>Geralyn</name>
  <name>Geralynn</name>
  <name>Gerda</name>
  <name>Gerde</name>
  <name>Gerdie</name>
  <name>Gere</name>
  <name>Gerhard</name>
  <name>Gerhardina</name>
  <name>Gerhardine</name>
  <name>Gerlach</name>
  <name>Gerold</name>
  <name>Geron</name>
  <name>Gerrald</name>
  <name>Gerrell</name>
  <name>Gertrud</name>
  <name>Gertruda</name>
  <name>Gertrude</name>
  <name>Gertrut</name>
  <name>Gerwalt</name>
  <name>Gerwalta</name>
  <name>Ghislain</name>
  <name>Ghislaine</name>
  <name>Gilberta</name>
  <name>Gilleasbuig</name>
  <name>Giomar</name>
  <name>Gisela</name>
  <name>Gisella</name>
  <name>Gisilberhta</name>
  <name>Gofried</name>
  <name>Gottfried</name>
  <name>Greta</name>
  <name>Gretel</name>
  <name>Gricelda</name>
  <name>Griselde</name>
  <name>Grisella</name>
  <name>Grisjahilde</name>
  <name>Griswald</name>
  <name>Griswalda</name>
  <name>Griswalde</name>
  <name>Griswold</name>
  <name>Gryselda</name>
  <name>Gudrun</name>
  <name>Gudruna</name>
  <name>Guida</name>
  <name>Guilaine</name>
  <name>Gunnel</name>
  <name>Gustave</name>
  <name>Gustel</name>
  <name>Hacket</name>
  <name>Hackett</name>
  <name>Hadu</name>
  <name>Haduwig</name>
  <name>Halag</name>
  <name>Halfrid</name>
  <name>Halfrida</name>
  <name>Halifrid</name>
  <name>Hamlett</name>
  <name>Hamoelet</name>
  <name>Han</name>
  <name>Hann</name>
  <name>Hanno</name>
  <name>Hans</name>
  <name>Hanz</name>
  <name>Hardtman</name>
  <name>Hariman</name>
  <name>Harimann</name>
  <name>Harimanna</name>
  <name>Harimanne</name>
  <name>Harti</name>
  <name>Hartman</name>
  <name>Hartmann</name>
  <name>Hedda</name>
  <name>Hedy</name>
  <name>Heida</name>
  <name>Heide</name>
  <name>Helene</name>
  <name>Helma</name>
  <name>Helmutt</name>
  <name>Hernando</name>
  <name>Herrick</name>
  <name>Herta</name>
  <name>Hertha</name>
  <name>Hewlett</name>
  <name>Hewlitt</name>
  <name>Hida</name>
  <name>Hide</name>
  <name>Hild</name>
  <name>Hilda</name>
  <name>Hildagarde</name>
  <name>Hildbrand</name>
  <name>Hilde</name>
  <name>Hildegard</name>
  <name>Hildehrand</name>
  <name>Hildemar</name>
  <name>Hildemara</name>
  <name>Hildimar</name>
  <name>Hildireth</name>
  <name>Hildreth</name>
  <name>Hilma</name>
  <name>Hobard</name>
  <name>Hobbard</name>
  <name>Hoh</name>
  <name>Hohberht</name>
  <name>Holda</name>
  <name>Holde</name>
  <name>Holle</name>
  <name>How</name>
  <name>Howe</name>
  <name>Huberta</name>
  <name>Hugiherahta</name>
  <name>Hulbard</name>
  <name>Hulbart</name>
  <name>Hulbert</name>
  <name>Hulda</name>
  <name>Hulde</name>
  <name>Huldiberaht</name>
  <name>Humberto</name>
  <name>Hunfrid</name>
  <name>Hunfried</name>
  <name>Hylda</name>
  <name>Ida</name>
  <name>Idaia</name>
  <name>Idalie</name>
  <name>Idetta</name>
  <name>Idette</name>
  <name>Idna</name>
  <name>Ilse</name>
  <name>Ilyse</name>
  <name>Immanuel</name>
  <name>Ingall</name>
  <name>Ingel</name>
  <name>Ingelbert</name>
  <name>Inglebert</name>
  <name>Irmgard</name>
  <name>Irmigard</name>
  <name>Irmina</name>
  <name>Irmine</name>
  <name>Irmuska</name>
  <name>Isa</name>
  <name>Isana</name>
  <name>Isane</name>
  <name>Isold</name>
  <name>Isolda</name>
  <name>Isole</name>
  <name>Izaak</name>
  <name>Jaecar</name>
  <name>Jakoba</name>
  <name>Jakobe</name>
  <name>Jakobie</name>
  <name>Jantis</name>
  <name>Jarman</name>
  <name>Jarmann</name>
  <name>Jaye</name>
  <name>Johann</name>
  <name>Johannah</name>
  <name>Jolan</name>
  <name>Jolanka</name>
  <name>Joli</name>
  <name>Josefa</name>
  <name>Jurgen</name>
  <name>Kaiser</name>
  <name>Karla</name>
  <name>Karlee</name>
  <name>Karleen</name>
  <name>Karleigh</name>
  <name>Karlen</name>
  <name>Karlene</name>
  <name>Karlesha</name>
  <name>Karley</name>
  <name>Karli</name>
  <name>Karlie</name>
  <name>Karlin</name>
  <name>Karlina</name>
  <name>Karline</name>
  <name>Karly</name>
  <name>Karlyn</name>
  <name>Karola</name>
  <name>Karolina</name>
  <name>Karoline</name>
  <name>Katchen</name>
  <name>Katharina</name>
  <name>Kathe</name>
  <name>Keefer</name>
  <name>Kelby</name>
  <name>Kiefer</name>
  <name>Kikka</name>
  <name>Koby</name>
  <name>Koen</name>
  <name>Koenraad</name>
  <name>Kolby</name>
  <name>Kolt</name>
  <name>Kolten</name>
  <name>Koltin</name>
  <name>Kolton</name>
  <name>Konni</name>
  <name>Konrad</name>
  <name>Kord</name>
  <name>Kort</name>
  <name>Kuhlbert</name>
  <name>Kulbart</name>
  <name>Kulbert</name>
  <name>Kuno</name>
  <name>Kunz</name>
  <name>Kuonrada</name>
  <name>Kurtis</name>
  <name>Lamar</name>
  <name>Lamarr</name>
  <name>Lambart</name>
  <name>Lambert</name>
  <name>Lambrecht</name>
  <name>Lambret</name>
  <name>Lambrett</name>
  <name>Landmari</name>
  <name>Landra</name>
  <name>Larenzo</name>
  <name>Laurenz</name>
  <name>Lenard</name>
  <name>Lennard</name>
  <name>Leoda</name>
  <name>Leonore</name>
  <name>Leopolda</name>
  <name>Leopoldina</name>
  <name>Leopoldine</name>
  <name>Leopoldo</name>
  <name>Leota</name>
  <name>Lewy</name>
  <name>Liezel</name>
  <name>Lilli</name>
  <name>Lind</name>
  <name>Linda</name>
  <name>Lindeberg</name>
  <name>Lindie</name>
  <name>Lisa</name>
  <name>Lise</name>
  <name>Lorah</name>
  <name>Loraine</name>
  <name>Loralei</name>
  <name>Loranna</name>
  <name>Lorelei</name>
  <name>Lorenz</name>
  <name>Loring</name>
  <name>Lorita</name>
  <name>Loritz</name>
  <name>Lothair</name>
  <name>Lothar</name>
  <name>Lotharing</name>
  <name>Lotte</name>
  <name>Louisane</name>
  <name>Lovisa</name>
  <name>Loyce</name>
  <name>Luana</name>
  <name>Luane</name>
  <name>Lucina</name>
  <name>Ludkhannah</name>
  <name>Luduvico</name>
  <name>Ludwik</name>
  <name>Luete</name>
  <name>Lughaidh</name>
  <name>Luiginw</name>
  <name>Luijzika</name>
  <name>Luise</name>
  <name>Lujza</name>
  <name>Luki</name>
  <name>Lurleen</name>
  <name>Lurlene</name>
  <name>Lurlina</name>
  <name>Lurline</name>
  <name>Lutz</name>
  <name>Maddalen</name>
  <name>Maddalena</name>
  <name>Maddalene</name>
  <name>Maddalyn</name>
  <name>Madelhari</name>
  <name>Mady</name>
  <name>Maganhildi</name>
  <name>Magd</name>
  <name>Magda</name>
  <name>Magnhilda</name>
  <name>Magnild</name>
  <name>Magnilda</name>
  <name>Magnilde</name>
  <name>Malakkastraße</name>
  <name>Malene</name>
  <name>Mallory</name>
  <name>Mandel</name>
  <name>Manfred</name>
  <name>Manfried</name>
  <name>Manfrit</name>
  <name>Marelda</name>
  <name>Margit</name>
  <name>Margo</name>
  <name>Margrit</name>
  <name>Marhilda</name>
  <name>Marhildi</name>
  <name>Marilda</name>
  <name>Maritza</name>
  <name>Markel</name>
  <name>Markell</name>
  <name>Markos</name>
  <name>Marlaina</name>
  <name>Marlana</name>
  <name>Marlayna</name>
  <name>Marlayne</name>
  <name>Marleen</name>
  <name>Marleena</name>
  <name>Marleene</name>
  <name>Marleina</name>
  <name>Marlena</name>
  <name>Marlina</name>
  <name>Marlinda</name>
  <name>Marline</name>
  <name>Marlis</name>
  <name>Marlisa</name>
  <name>Martel</name>
  <name>Martell</name>
  <name>Mathild</name>
  <name>Mathilda</name>
  <name>Matilda</name>
  <name>Maximillian</name>
  <name>Maynard</name>
  <name>Mayne</name>
  <name>Maynor</name>
  <name>Meinhard</name>
  <name>Meinke</name>
  <name>Meino</name>
  <name>Meinrad</name>
  <name>Meinyard</name>
  <name>Melisande</name>
  <name>Mina</name>
  <name>Mindy</name>
  <name>Minna</name>
  <name>Minne</name>
  <name>Mitzi</name>
  <name>Nadetta</name>
  <name>Nadette</name>
  <name>Nadina</name>
  <name>Nadja</name>
  <name>Nardo</name>
  <name>Nef</name>
  <name>Nefen</name>
  <name>Neff</name>
  <name>Nefin</name>
  <name>Nickolaus</name>
  <name>Nikolaus</name>
  <name>Nixie</name>
  <name>Norberaht</name>
  <name>Norbert</name>
  <name>Norberta</name>
  <name>Norberte</name>
  <name>Norberto</name>
  <name>Nordica</name>
  <name>Nordika</name>
  <name>Normand</name>
  <name>Peer</name>
  <name>Penn</name>
  <name>Penrod</name>
  <name>Pepin</name>
  <name>Peppi</name>
  <name>Per</name>
  <name>Perahta</name>
  <name>Petronilla</name>
  <name>Petronille</name>
  <name>Philipinna</name>
  <name>Philippine</name>
  <name>Raimond</name>
  <name>Raimundo</name>
  <name>Rainart</name>
  <name>Rainer</name>
  <name>Rainhard</name>
  <name>Rainor</name>
  <name>Rald</name>
  <name>Rambert</name>
  <name>Ramhart</name>
  <name>Ramond</name>
  <name>Raymund</name>
  <name>Raymundo</name>
  <name>Raynard</name>
  <name>Reginhard</name>
  <name>Reginheraht</name>
  <name>Reiner</name>
  <name>Reinhard</name>
  <name>Renard</name>
  <name>Renke</name>
  <name>Reymond</name>
  <name>Reymundo</name>
  <name>Reynald</name>
  <name>Reynold</name>
  <name>Ricarda</name>
  <name>Riccardo</name>
  <name>Rich</name>
  <name>Rico</name>
  <name>Rikard</name>
  <name>Rilla</name>
  <name>Rille</name>
  <name>Rillia</name>
  <name>Rillie</name>
  <name>Riocard</name>
  <name>Risteard</name>
  <name>Ritter</name>
  <name>Roald</name>
  <name>Rob</name>
  <name>Robb</name>
  <name>Robby</name>
  <name>Roch</name>
  <name>Rod</name>
  <name>Rodd</name>
  <name>Roddric</name>
  <name>Roddrick</name>
  <name>Roddy</name>
  <name>Roderic</name>
  <name>Roderica</name>
  <name>Roderik</name>
  <name>Roderika</name>
  <name>Rodrik</name>
  <name>Roland</name>
  <name>Rolanda</name>
  <name>Rolande</name>
  <name>Rollan</name>
  <name>Rolland</name>
  <name>Rollie</name>
  <name>Rollo</name>
  <name>Romhild</name>
  <name>Romhilda</name>
  <name>Romhilde</name>
  <name>Romilde</name>
  <name>Rosa</name>
  <name>Rosamund</name>
  <name>Rosemonde</name>
  <name>Rosemunda</name>
  <name>Rossiter</name>
  <name>Rosston</name>
  <name>Rosswald</name>
  <name>Roswald</name>
  <name>Roswalt</name>
  <name>Roswell</name>
  <name>Roth</name>
  <name>Rowland</name>
  <name>Royce</name>
  <name>Rozmonda</name>
  <name>Rozomund</name>
  <name>Rudella</name>
  <name>Rudelle</name>
  <name>Rudiger</name>
  <name>Rune</name>
  <name>Ruodrik</name>
  <name>Ruomhildi</name>
  <name>Rupetta</name>
  <name>Rupette</name>
  <name>Ruprecht</name>
  <name>Rutger</name>
  <name>Ryszard</name>
  <name>Saelac</name>
  <name>Sarohildi</name>
  <name>Schaeffer</name>
  <name>Schaffer</name>
  <name>Selig</name>
  <name>Selik</name>
  <name>Senta</name>
  <name>Sente</name>
  <name>Serhild</name>
  <name>Serhilda</name>
  <name>Serihilda</name>
  <name>Serihilde</name>
  <name>Serilda</name>
  <name>Sherman</name>
  <name>Shermon</name>
  <name>Siegfried</name>
  <name>Siegmund</name>
  <name>Sigfreda</name>
  <name>Sigfrid</name>
  <name>Sigfrieda</name>
  <name>Sigfriede</name>
  <name>Sigifrid</name>
  <name>Sigifrith</name>
  <name>Sigilwig</name>
  <name>Sigiwald</name>
  <name>Sigwald</name>
  <name>Sigwalt</name>
  <name>Silvester</name>
  <name>Solvig</name>
  <name>Spengler</name>
  <name>Steiner</name>
  <name>Sterling</name>
  <name>Sterlyn</name>
  <name>Stirling</name>
  <name>Tab</name>
  <name>Tabbart</name>
  <name>Tahbert</name>
  <name>Tavin</name>
  <name>Tedrick</name>
  <name>Terell</name>
  <name>Terrall</name>
  <name>Terrel</name>
  <name>Terrell</name>
  <name>Terrelle</name>
  <name>Terrill</name>
  <name>Tibelda</name>
  <name>Tibelde</name>
  <name>Tibeldie</name>
  <name>Tihalt</name>
  <name>Treffen</name>
  <name>Trennen</name>
  <name>Tresa</name>
  <name>Tretan</name>
  <name>Truda</name>
  <name>Trudchen</name>
  <name>Trude</name>
  <name>Tugenda</name>
  <name>Ubel</name>
  <name>Uli</name>
  <name>Ulka</name>
  <name>Ulrica</name>
  <name>Ulrich</name>
  <name>Ulrike</name>
  <name>Ulz</name>
  <name>Valborga</name>
  <name>Valdemarr</name>
  <name>Vanda</name>
  <name>Vande</name>
  <name>Vemados</name>
  <name>Verena</name>
  <name>Verene</name>
  <name>Verina</name>
  <name>Viheke</name>
  <name>Viveka</name>
  <name>Volker</name>
  <name>Volney</name>
  <name>Volny</name>
  <name>Walborgd</name>
  <name>Walda</name>
  <name>Waldemar</name>
  <name>Waldemarr</name>
  <name>Walden</name>
  <name>Waldhramm</name>
  <name>Waldhurga</name>
  <name>Waldifrid</name>
  <name>Waldmunt</name>
  <name>Waldrom</name>
  <name>Waldron</name>
  <name>Walfred</name>
  <name>Walfrid</name>
  <name>Wallache</name>
  <name>Waller</name>
  <name>Walmond</name>
  <name>Walten</name>
  <name>Walthari</name>
  <name>Walton</name>
  <name>Wande</name>
  <name>Wandy</name>
  <name>Warda</name>
  <name>Waren</name>
  <name>Warenhari</name>
  <name>Weber</name>
  <name>Welda</name>
  <name>Wendale</name>
  <name>Wendall</name>
  <name>Wendel</name>
  <name>Wido</name>
  <name>Wilbart</name>
  <name>Wilber</name>
  <name>Wilbert</name>
  <name>Wilbur</name>
  <name>Wilburn</name>
  <name>Wilburt</name>
  <name>Wilda</name>
  <name>Wilde</name>
  <name>Wilford</name>
  <name>Wilfred</name>
  <name>Wilfredo</name>
  <name>Wilfrid</name>
  <name>Wilhelmina</name>
  <name>Wilhelmine</name>
  <name>Willamar</name>
  <name>Willaperht</name>
  <name>Williamon</name>
  <name>Willifrid</name>
  <name>Willimod</name>
  <name>Willmar</name>
  <name>Willmarr</name>
  <name>Wilmar</name>
  <name>Wilmer</name>
  <name>Wilmod</name>
  <name>Wilmot</name>
  <name>Wilpert</name>
  <name>Windell</name>
  <name>Winifred</name>
  <name>Winifreda</name>
  <name>Winifrid</name>
  <name>Winifride</name>
  <name>Winola</name>
  <name>Wolfric</name>
  <name>Wolfrick</name>
  <name>Wolfrik</name>
  <name>Yseult</name>
  <name>Zacharia</name>
  <name>Zelig</name>
</names>