﻿<?xml version="1.0" encoding="utf-8"?>
<!-- This list contains names/words with specific casing - and specific to English only -->
<names>
  <name>Aarav</name>
  <name>Abbey</name>
  <name>Abbie</name>
  <name>Abi</name>
  <name>Abril</name>
  <name>Accra</name>
  <name>Ace</name>
  <name>Ada</name>
  <name>Adalyn</name>
  <name>Adalynn</name>
  <name>Addilyn</name>
  <name>Addis Ababa</name>
  <name>Addisyn</name>
  <name>Adelina</name>
  <name>Adeline</name>
  <name>Adelyn</name>
  <name>Adelynn</name>
  <name>Adonis</name>
  <name>Adrien</name>
  <name>Adyson</name>
  <name>Agoura</name>
  <name>Aidyn</name>
  <name>Aileen</name>
  <name>Aimee</name>
  <name>Ainsley</name>
  <name>Aiyana</name>
  <name>Akira</name>
  <name>Alaina</name>
  <name>Alana</name>
  <name>Alani</name>
  <name>Alanna</name>
  <name>Alaya</name>
  <name>Alayah</name>
  <name>Alayna</name>
  <name>Albrecht</name>
  <name>Albuterol</name>
  <name>Aldus Manutius</name>
  <name>Aleah</name>
  <name>Aleena</name>
  <name>Aleigha</name>
  <name>Alejandra</name>
  <name>Alena</name>
  <name>Alexia</name>
  <name>Algiers</name>
  <name>Ali</name>
  <name>Alia</name>
  <name>Alianna</name>
  <name>Alina</name>
  <name>Alivia</name>
  <name>Aliya</name>
  <name>Aliyah</name>
  <name>Aliza</name>
  <name>Alma</name>
  <name>Alondra</name>
  <name>Alyson</name>
  <name>Alyvia</name>
  <name>Amalia</name>
  <name>Amani</name>
  <name>Amare</name>
  <name>Amaya</name>
  <name>Amelie</name>
  <name>Amina</name>
  <name>Amira</name>
  <name>Amirah</name>
  <name>Amiya</name>
  <name>Amiyah</name>
  <name>Amos</name>
  <name>Amya</name>
  <name>Anabel</name>
  <name>Anabella</name>
  <name>Anabelle</name>
  <name>Anahi</name>
  <name>Analia</name>
  <name>Anaya</name>
  <name>Angelique</name>
  <name>Anheuser</name>
  <name>Aniya</name>
  <name>Aniyah</name>
  <name>Annabel</name>
  <name>Annabell</name>
  <name>Annabella</name>
  <name>Annalise</name>
  <name>Ansley</name>
  <name>Arabella</name>
  <name>Araceli</name>
  <name>Archer</name>
  <name>Arely</name>
  <name>Arian</name>
  <name>Ariana</name>
  <name>Ariella</name>
  <name>Arielle</name>
  <name>Arkenstone</name>
  <name>Arlo</name>
  <name>Arnav</name>
  <name>Aryana</name>
  <name>Aryanna</name>
  <name>Ashleigh</name>
  <name>Ashlyn</name>
  <name>Ashlynn</name>
  <name>Ashtyn</name>
  <name>Atticus</name>
  <name>Aubree</name>
  <name>Aubri</name>
  <name>Aubrianna</name>
  <name>Aubrie</name>
  <name>Audriana</name>
  <name>Audrianna</name>
  <name>Audrina</name>
  <name>Aurora</name>
  <name>Autumn</name>
  <name>Avah</name>
  <name>Averi</name>
  <name>Averie</name>
  <name>Aviana</name>
  <name>Avianna</name>
  <name>Ayaan</name>
  <name>Ayana</name>
  <name>Ayanna</name>
  <name>Aydan</name>
  <name>Aydin</name>
  <name>Ayla</name>
  <name>Ayleen</name>
  <name>Aylin</name>
  <name>Azaria</name>
  <name>Azog</name>
  <name>Bacharach</name>
  <name>Baggins</name>
  <name>Bailee</name>
  <name>Balleseros</name>
  <name>Bandung</name>
  <name>Barakiel</name>
  <name>Baruchel</name>
  <name>Baylee</name>
  <name>Beau</name>
  <name>Beirut</name>
  <name>Belen</name>
  <name>Belgrade</name>
  <name>Bentlee</name>
  <name>Bently</name>
  <name>Berne</name>
  <name>Bethan</name>
  <name>Birnbaum</name>
  <name>Blakely</name>
  <name>Blaze</name>
  <name>Bodhi</name>
  <name>Bogota</name>
  <name>Bolinski</name>
  <name>Bombur</name>
  <name>Bonn</name>
  <name>Bonney</name>
  <name>Boutros</name>
  <name>Bowen</name>
  <name>Boxster</name>
  <name>Boxter</name>
  <name>Braelyn</name>
  <name>Braelynn</name>
  <name>Brandenberg</name>
  <name>Branson</name>
  <name>Brantley</name>
  <name>Braylee</name>
  <name>Braylen</name>
  <name>Braylin</name>
  <name>Braylon</name>
  <name>Breanna</name>
  <name>Brecken</name>
  <name>Brenna</name>
  <name>Bria</name>
  <name>Bridger</name>
  <name>Briella</name>
  <name>Brielle</name>
  <name>Briley</name>
  <name>Brinley</name>
  <name>Brisa</name>
  <name>Brogan</name>
  <name>Brooklynn</name>
  <name>Brussels</name>
  <name>Bryanna</name>
  <name>Brylee</name>
  <name>Bryleigh</name>
  <name>Bryn</name>
  <name>Brynlee</name>
  <name>Brynn</name>
  <name>Brysen</name>
  <name>Bucharest</name>
  <name>Buenos Aires</name>
  <name>Burnham</name>
  <name>Cade</name>
  <name>Cadence</name>
  <name>Cahill</name>
  <name>Caiden</name>
  <name>Cailyn</name>
  <name>Caitlyn</name>
  <name>Cale</name>
  <name>Cali</name>
  <name>Callan</name>
  <name>Caltech</name>
  <name>Cambria</name>
  <name>Camdyn</name>
  <name>Camila</name>
  <name>Camilo</name>
  <name>Camryn</name>
  <name>Canberra</name>
  <name>Cara</name>
  <name>Caracas</name>
  <name>Carissa</name>
  <name>Carlee</name>
  <name>Carleigh</name>
  <name>Carley</name>
  <name>Carlie</name>
  <name>Carly</name>
  <name>Carmelo</name>
  <name>Carolyn</name>
  <name>Casen</name>
  <name>Cassablanca</name>
  <name>Cassandra</name>
  <name>Catalina</name>
  <name>Caydence</name>
  <name>Caylee</name>
  <name>Cayson</name>
  <name>Cecelia</name>
  <name>Chana</name>
  <name>Chanel</name>
  <name>Chantel</name>
  <name>Charlee</name>
  <name>Charleigh</name>
  <name>Charli</name>
  <name>Chaya</name>
  <name>Cherish</name>
  <name>Cheyanne</name>
  <name>Chloé</name>
  <name>Chongqing</name>
  <name>Ciara</name>
  <name>Clara</name>
  <name>Clare</name>
  <name>Clooney</name>
  <name>Coachella</name>
  <name>Coen</name>
  <name>Coggins</name>
  <name>Colet</name>
  <name>Cologne</name>
  <name>Colombo</name>
  <name>Colt</name>
  <name>Colten</name>
  <name>Colvin</name>
  <name>Connery</name>
  <name>Corban</name>
  <name>Corbin</name>
  <name>Cornwell</name>
  <name>Coverdale</name>
  <name>Cristiano</name>
  <name>Dacca</name>
  <name>Dahlia</name>
  <name>Dalia</name>
  <name>Damari</name>
  <name>Damarion</name>
  <name>Damaris</name>
  <name>Damascus</name>
  <name>Dane</name>
  <name>Danica</name>
  <name>Daniela</name>
  <name>Daniella</name>
  <name>Danika</name>
  <name>Danna</name>
  <name>Dar es-Salaam</name>
  <name>Dar-es-Salaam</name>
  <name>Davina</name>
  <name>Davon</name>
  <name>Dax</name>
  <name>Dayana</name>
  <name>Deangelo</name>
  <name>Deanna</name>
  <name>Deegan</name>
  <name>Delancey</name>
  <name>Delilah</name>
  <name>Demarcus</name>
  <name>Demi</name>
  <name>Derick</name>
  <name>Desiree</name>
  <name>Destinee</name>
  <name>Dhahran</name>
  <name>Dipper</name>
  <name>Distephano</name>
  <name>Diya</name>
  <name>Dol Guldur</name>
  <name>Dolan</name>
  <name>Dominik</name>
  <name>Dr. Grey</name>
  <name>Dublin</name>
  <name>Dulce</name>
  <name>Dunst</name>
  <name>Durin</name>
  <name>Dwalin</name>
  <name>E.K.G.</name>
  <name>Ean</name>
  <name>Easton</name>
  <name>Eden</name>
  <name>Efrain</name>
  <name>Eiffel Tower</name>
  <name>Elaina</name>
  <name>Elian</name>
  <name>Eliana</name>
  <name>Elianna</name>
  <name>Elise</name>
  <name>Eliseo</name>
  <name>Elisha</name>
  <name>Eliza</name>
  <name>Elliana</name>
  <name>Elliott</name>
  <name>Elyse</name>
  <name>Ember</name>
  <name>Emelia</name>
  <name>Emerson</name>
  <name>Emersyn</name>
  <name>Emery</name>
  <name>Emilee</name>
  <name>Emiliano</name>
  <name>Emmalee</name>
  <name>Emmalyn</name>
  <name>Emmitt</name>
  <name>Emmy</name>
  <name>Enoch</name>
  <name>Entebbe</name>
  <name>Enzo</name>
  <name>Erebor</name>
  <name>Erick</name>
  <name>Esme</name>
  <name>Esmeralda</name>
  <name>Estrella</name>
  <name>Ethen</name>
  <name>Eva</name>
  <name>Evadne</name>
  <name>Evangeline</name>
  <name>Evelynn</name>
  <name>Evie</name>
  <name>Ezequiel</name>
  <name>Ezra</name>
  <name>F.O.B.</name>
  <name>Fabian</name>
  <name>Falcone</name>
  <name>Farell</name>
  <name>Farrah</name>
  <name>Fassbach</name>
  <name>Faye</name>
  <name>Fernanda</name>
  <name>Finn</name>
  <name>Finney</name>
  <name>Fisher</name>
  <name>Flexx</name>
  <name>Florenz</name>
  <name>Frances</name>
  <name>Franco</name>
  <name>Freya</name>
  <name>Froot Loops</name>
  <name>Gabor</name>
  <name>Gabriela</name>
  <name>Gael</name>
  <name>Gage</name>
  <name>Gaige</name>
  <name>Galilea</name>
  <name>Galliard</name>
  <name>Garfield</name>
  <name>Gauge</name>
  <name>Gavyn</name>
  <name>Genesis</name>
  <name>Georgiou</name>
  <name>Gerard Depardieu</name>
  <name>Gerardo</name>
  <name>Giada</name>
  <name>Giana</name>
  <name>Giancarlo</name>
  <name>Gianna</name>
  <name>Gianni</name>
  <name>Gibralta</name>
  <name>Gil</name>
  <name>Gill</name>
  <name>Giovani</name>
  <name>Giovanna</name>
  <name>Giovanny</name>
  <name>Gisselle</name>
  <name>Giuliana</name>
  <name>Gracelyn</name>
  <name>Gracelynn</name>
  <name>Grady</name>
  <name>Grand Canyon</name>
  <name>Grant</name>
  <name>Graysen</name>
  <name>Greenway</name>
  <name>Greta</name>
  <name>Grey's Anatomy</name>
  <name>Greyson</name>
  <name>Grosvenor</name>
  <name>Guadalupe</name>
  <name>Guangzhou</name>
  <name>Guillermo</name>
  <name>H.U.D.</name>
  <name>Hadassah</name>
  <name>Haiden</name>
  <name>Hailee</name>
  <name>Hailey</name>
  <name>Haleigh</name>
  <name>Hallie</name>
  <name>Hamburg</name>
  <name>Hamza</name>
  <name>Hana</name>
  <name>Hanoi</name>
  <name>Harlow</name>
  <name>Harmony</name>
  <name>Hattie</name>
  <name>Havanno</name>
  <name>Haylee</name>
  <name>Hayleigh</name>
  <name>Hayley</name>
  <name>Haylie</name>
  <name>Hazel</name>
  <name>Heath</name>
  <name>Helsinki</name>
  <name>Hendrix</name>
  <name>Hezekiah</name>
  <name>Hirschberg</name>
  <name>Ho Chi Minh City</name>
  <name>Hoggart</name>
  <name>Holden</name>
  <name>Holly</name>
  <name>Ignacio</name>
  <name>Iker</name>
  <name>Iliana</name>
  <name>Imani</name>
  <name>Imogen</name>
  <name>Ingvarsson</name>
  <name>Iris</name>
  <name>Irvin</name>
  <name>Isabela</name>
  <name>Isai</name>
  <name>Isaias</name>
  <name>Ishaan</name>
  <name>Isiah</name>
  <name>Isis</name>
  <name>Isla</name>
  <name>Islamabad</name>
  <name>Issac</name>
  <name>Izaiah</name>
  <name>Izayah</name>
  <name>Jabari</name>
  <name>Jace</name>
  <name>Jacey</name>
  <name>Jada</name>
  <name>Jade</name>
  <name>Jadiel</name>
  <name>Jadon</name>
  <name>Jadyn</name>
  <name>Jaeden</name>
  <name>Jaelyn</name>
  <name>Jaelynn</name>
  <name>Jaffa</name>
  <name>Jaida</name>
  <name>Jaiden</name>
  <name>Jaidyn</name>
  <name>Jaime</name>
  <name>Jair</name>
  <name>Jairo</name>
  <name>Jakayla</name>
  <name>Jakobe</name>
  <name>Jalen</name>
  <name>Jaliyah</name>
  <name>Jamar</name>
  <name>Jamari</name>
  <name>Jamarion</name>
  <name>Jamir</name>
  <name>Jamis</name>
  <name>Janae</name>
  <name>Janelle</name>
  <name>Janessa</name>
  <name>Janiya</name>
  <name>Janiyah</name>
  <name>Jaqueline</name>
  <name>Jaron</name>
  <name>Jase</name>
  <name>Jasiah</name>
  <name>Jasmin</name>
  <name>Javi</name>
  <name>Javier</name>
  <name>Javion</name>
  <name>Javon</name>
  <name>Jax</name>
  <name>Jaxen</name>
  <name>Jaxon</name>
  <name>Jaxton</name>
  <name>Jayce</name>
  <name>Jaycee</name>
  <name>Jaycob</name>
  <name>Jayda</name>
  <name>Jaydan</name>
  <name>Jayde</name>
  <name>Jaydin</name>
  <name>Jaydon</name>
  <name>Jayla</name>
  <name>Jaylah</name>
  <name>Jaylee</name>
  <name>Jayleen</name>
  <name>Jaylen</name>
  <name>Jaylene</name>
  <name>Jaylin</name>
  <name>Jaylon</name>
  <name>Jaylyn</name>
  <name>Jaylynn</name>
  <name>Jayson</name>
  <name>Jazlyn</name>
  <name>Jazlynn</name>
  <name>Jazmin</name>
  <name>Jazmine</name>
  <name>Jazmyn</name>
  <name>Jeb</name>
  <name>Jeddah</name>
  <name>Jedidiah</name>
  <name>Jeffery</name>
  <name>Jemma</name>
  <name>Jeramiah</name>
  <name>Jerimiah</name>
  <name>Jermaine</name>
  <name>Jessie</name>
  <name>Jett</name>
  <name>Jewel</name>
  <name>Jimena</name>
  <name>Joanna</name>
  <name>Joaquin</name>
  <name>Jocelyn</name>
  <name>Jocelynn</name>
  <name>Johann</name>
  <name>Johnathan</name>
  <name>Johnathon</name>
  <name>Jolie</name>
  <name>Jon</name>
  <name>Jonathon</name>
  <name>Jorden</name>
  <name>Jordyn</name>
  <name>Jordynn</name>
  <name>Joselyn</name>
  <name>Josiah</name>
  <name>Joslyn</name>
  <name>Josue</name>
  <name>Journee</name>
  <name>Jovani</name>
  <name>Jovanni</name>
  <name>Joziah</name>
  <name>Jude</name>
  <name>Juliana</name>
  <name>Julianna</name>
  <name>Julianne</name>
  <name>Julien</name>
  <name>Julieta</name>
  <name>Julio</name>
  <name>Julissa</name>
  <name>Juniper</name>
  <name>Jurgen</name>
  <name>Justus</name>
  <name>Kabul</name>
  <name>Kade</name>
  <name>Kadence</name>
  <name>Kadesh</name>
  <name>Kaeden</name>
  <name>Kael</name>
  <name>Kaelyn</name>
  <name>Kaelynn</name>
  <name>Kai</name>
  <name>Kaia</name>
  <name>Kaiden</name>
  <name>Kailee</name>
  <name>Kailey</name>
  <name>Kailyn</name>
  <name>Kailynn</name>
  <name>Kairi</name>
  <name>Kaitlin</name>
  <name>Kaitlynn</name>
  <name>Kaiya</name>
  <name>Kale</name>
  <name>Kaleb</name>
  <name>Kaleigh</name>
  <name>Kaliyah</name>
  <name>Kallie</name>
  <name>Kamari</name>
  <name>Kamden</name>
  <name>Kameron</name>
  <name>Kamille</name>
  <name>Kamren</name>
  <name>Kamron</name>
  <name>Kamryn</name>
  <name>Karachi</name>
  <name>Kareem</name>
  <name>Karina</name>
  <name>Karis</name>
  <name>Karissa</name>
  <name>Karla</name>
  <name>Karlee</name>
  <name>Karlie</name>
  <name>Karly</name>
  <name>Karma</name>
  <name>Karson</name>
  <name>Karsyn</name>
  <name>Karter</name>
  <name>Kasen</name>
  <name>Kasey</name>
  <name>Kash</name>
  <name>Kason</name>
  <name>Kassandra</name>
  <name>Kassidy</name>
  <name>Katelyn</name>
  <name>Katelynn</name>
  <name>Katmandu</name>
  <name>Katzenberg</name>
  <name>Kay</name>
  <name>Kaya</name>
  <name>Kayden</name>
  <name>Kaydence</name>
  <name>Kaylee</name>
  <name>Kayleigh</name>
  <name>Kaylen</name>
  <name>Kaylin</name>
  <name>Kaylyn</name>
  <name>Kaylynn</name>
  <name>Kayson</name>
  <name>Keagan</name>
  <name>Keaton</name>
  <name>Keenan</name>
  <name>Keira</name>
  <name>Kellan</name>
  <name>Kellen</name>
  <name>Kelsey</name>
  <name>Kelsie</name>
  <name>Kendra</name>
  <name>Kendyl</name>
  <name>Kenley</name>
  <name>Kenna</name>
  <name>Kennedi</name>
  <name>Kensley</name>
  <name>Kenzie</name>
  <name>Keyla</name>
  <name>Keyon</name>
  <name>Khalil</name>
  <name>Khartoum</name>
  <name>Khloe</name>
  <name>Kian</name>
  <name>Kiana</name>
  <name>Kiera</name>
  <name>Kieran</name>
  <name>Kiersten</name>
  <name>Kiley</name>
  <name>Killian</name>
  <name>Kimora</name>
  <name>Kinley</name>
  <name>Kinsey</name>
  <name>Kinshasa</name>
  <name>Kinsley</name>
  <name>Kirsty</name>
  <name>Kitt's</name>
  <name>Knox</name>
  <name>Kobe</name>
  <name>Kody</name>
  <name>Kohen</name>
  <name>Kolby</name>
  <name>Kole</name>
  <name>Kolten</name>
  <name>Kolton</name>
  <name>Konner</name>
  <name>Konnor</name>
  <name>Korbin</name>
  <name>Kourtney</name>
  <name>Kralova</name>
  <name>Krieger</name>
  <name>Krish</name>
  <name>Kristen</name>
  <name>Kristian</name>
  <name>Kristopher</name>
  <name>Kruesi</name>
  <name>Krystal</name>
  <name>Kuala Lumpur</name>
  <name>Kyan</name>
  <name>Kyla</name>
  <name>Kylah</name>
  <name>Kylan</name>
  <name>Kylee</name>
  <name>Kyleigh</name>
  <name>Kyler</name>
  <name>Kymani</name>
  <name>Kyndal</name>
  <name>Kyndall</name>
  <name>Kynlee</name>
  <name>Kyoto</name>
  <name>Kyra</name>
  <name>Kyron</name>
  <name>Kyson</name>
  <name>Lahore</name>
  <name>Laila</name>
  <name>Lailah</name>
  <name>Lainey</name>
  <name>Lamar</name>
  <name>Lance</name>
  <name>Landen</name>
  <name>Landyn</name>
  <name>Laney</name>
  <name>Lansberry</name>
  <name>Lathan</name>
  <name>Lauryn</name>
  <name>Laylah</name>
  <name>Layne</name>
  <name>Layton</name>
  <name>Lea</name>
  <name>Leah</name>
  <name>Leandro</name>
  <name>Leanna</name>
  <name>Legolas</name>
  <name>Leigha</name>
  <name>Leighton</name>
  <name>Leila</name>
  <name>Leilani</name>
  <name>Leland</name>
  <name>Leningrad</name>
  <name>Leona</name>
  <name>Leonel</name>
  <name>Leonidas</name>
  <name>Lesly</name>
  <name>Levi</name>
  <name>Leyla</name>
  <name>L'Hermitage</name>
  <name>Lia</name>
  <name>Liana</name>
  <name>Liberty</name>
  <name>Lila</name>
  <name>Lilah</name>
  <name>Lilia</name>
  <name>Lilian</name>
  <name>Liliana</name>
  <name>Lilianna</name>
  <name>Lilith</name>
  <name>Lilliana</name>
  <name>Lillianna</name>
  <name>Lillie</name>
  <name>Lilly</name>
  <name>Lily</name>
  <name>Lilyana</name>
  <name>Lilyanna</name>
  <name>Lima</name>
  <name>Lina</name>
  <name>Linda</name>
  <name>Lindy</name>
  <name>Lisa</name>
  <name>Liv</name>
  <name>Livia</name>
  <name>Lizbeth</name>
  <name>Londyn</name>
  <name>Lorelai</name>
  <name>Lorelei</name>
  <name>Lorenzo</name>
  <name>Luciana</name>
  <name>Luna</name>
  <name>Lusaka</name>
  <name>Luz</name>
  <name>Lylah</name>
  <name>Lyric</name>
  <name>M&amp;M</name>
  <name>Mabel</name>
  <name>Macey</name>
  <name>Maci</name>
  <name>Macie</name>
  <name>Madalyn</name>
  <name>Madalynn</name>
  <name>Madden</name>
  <name>Maddison</name>
  <name>Madelyn</name>
  <name>Madelynn</name>
  <name>Madilyn</name>
  <name>Madilynn</name>
  <name>Madisyn</name>
  <name>Madras</name>
  <name>Madyson</name>
  <name>Mae</name>
  <name>Maeve</name>
  <name>Magdalen</name>
  <name>Makai</name>
  <name>Makenna</name>
  <name>Makenzie</name>
  <name>Makhi</name>
  <name>Maksim</name>
  <name>Malachi</name>
  <name>Malakai</name>
  <name>Malaki</name>
  <name>Malaya</name>
  <name>Maleah</name>
  <name>Malia</name>
  <name>Maliah</name>
  <name>Maliyah</name>
  <name>Mallory</name>
  <name>Malloy</name>
  <name>Manila</name>
  <name>Manleigh</name>
  <name>Mara</name>
  <name>Marcel</name>
  <name>Marcelo</name>
  <name>Marcos</name>
  <name>Mariam</name>
  <name>Mariana</name>
  <name>Marianna</name>
  <name>Mariano</name>
  <name>Marina</name>
  <name>Marisol</name>
  <name>Maritza</name>
  <name>Mariyah</name>
  <name>Mark</name>
  <name>Mark Wahlberg</name>
  <name>Marlee</name>
  <name>Marlon</name>
  <name>Marnier</name>
  <name>Marquis</name>
  <name>Maryam</name>
  <name>Masen</name>
  <name>Mashotsukai</name>
  <name>Mateo</name>
  <name>Mathew</name>
  <name>Mathias</name>
  <name>Matias</name>
  <name>Matilda</name>
  <name>Mattie</name>
  <name>Mauricio</name>
  <name>Maxim</name>
  <name>Maximiliano</name>
  <name>Maximo</name>
  <name>Maxton</name>
  <name>Maxx</name>
  <name>Mayson</name>
  <name>McAlister</name>
  <name>Mckayla</name>
  <name>Mckenna</name>
  <name>Mckenzie</name>
  <name>Mckinley</name>
  <name>Meadow</name>
  <name>Medina</name>
  <name>Mekhi</name>
  <name>Melany</name>
  <name>Melina</name>
  <name>Messiah</name>
  <name>Mexico City</name>
  <name>Miah</name>
  <name>Micheal</name>
  <name>Mikaela</name>
  <name>Mikayla</name>
  <name>Mila</name>
  <name>Milagros</name>
  <name>Milana</name>
  <name>Milania</name>
  <name>Miley</name>
  <name>Milly</name>
  <name>Milo</name>
  <name>Mina</name>
  <name>Mira</name>
  <name>Mirakuru</name>
  <name>Misael</name>
  <name>Mischa</name>
  <name>Miya</name>
  <name>Moises</name>
  <name>Mollie</name>
  <name>Montevideo</name>
  <name>Moria</name>
  <name>Moriah</name>
  <name>Moscow</name>
  <name>Moshe</name>
  <name>Mya</name>
  <name>Myah</name>
  <name>Myla</name>
  <name>Myles</name>
  <name>Myra</name>
  <name>Myrna</name>
  <name>Nadi</name>
  <name>Nahla</name>
  <name>Naples</name>
  <name>Natalee</name>
  <name>Natalia</name>
  <name>Nataly</name>
  <name>Natalya</name>
  <name>Nathalie</name>
  <name>Nathaly</name>
  <name>Nathanael</name>
  <name>Nayeli</name>
  <name>Neveah</name>
  <name>Nia</name>
  <name>Niamh</name>
  <name>Nickolas</name>
  <name>Nicosia</name>
  <name>Niko</name>
  <name>Noe</name>
  <name>Noelle</name>
  <name>Noemi</name>
  <name>Nola</name>
  <name>Nolan</name>
  <name>Nora</name>
  <name>Norah</name>
  <name>Nova</name>
  <name>Nova Scotia</name>
  <name>Nutella</name>
  <name>Nyla</name>
  <name>Nylah</name>
  <name>Oeufcocque Penteano</name>
  <name>Oeufcocque-Penteano</name>
  <name>Ogilvie</name>
  <name>Oliveira</name>
  <name>Omari</name>
  <name>OMG</name>
  <name>O'Regan</name>
  <name>Orion</name>
  <name>Osaka</name>
  <name>Oslo</name>
  <name>Osvaldo</name>
  <name>Ottawa</name>
  <name>P.A.</name>
  <name>Paisley</name>
  <name>Paityn</name>
  <name>Paltrow</name>
  <name>Panama City</name>
  <name>Paola</name>
  <name>Patience</name>
  <name>Patridge</name>
  <name>Payten</name>
  <name>Pearl</name>
  <name>Pellegrino</name>
  <name>Perla</name>
  <name>Perth</name>
  <name>Pinella</name>
  <name>Pinkman</name>
  <name>Poindexter</name>
  <name>Poppy</name>
  <name>Port Morsby</name>
  <name>Princess</name>
  <name>President Barak Obama</name>
  <name>President Clinton</name>
  <name>President Donald Trump</name>
  <name>President George W. Bush</name>
  <name>President George Washington</name>
  <name>President John F. Kennedy</name>
  <name>President Lincoln</name>
  <name>President Obama</name>
  <name>President Reagan</name>
  <name>President Ronald Reagan</name>
  <name>President Trump</name>
  <name>Pusan</name>
  <name>Pycroft</name>
  <name>Pyongyang</name>
  <name>Quebec</name>
  <name>Quinten</name>
  <name>Quintin</name>
  <name>Quinton</name>
  <name>Rachael</name>
  <name>Radagast</name>
  <name>Raegan</name>
  <name>Raelyn</name>
  <name>Raelynn</name>
  <name>Rafferty</name>
  <name>Raiden</name>
  <name>Raina</name>
  <name>Ramiro</name>
  <name>Rashad</name>
  <name>Rayan</name>
  <name>Rayden</name>
  <name>Rayne</name>
  <name>Rebekah</name>
  <name>Reece</name>
  <name>Regan</name>
  <name>Reid</name>
  <name>Remington</name>
  <name>Rene</name>
  <name>Rey</name>
  <name>Reyna</name>
  <name>RFID</name>
  <name>Rhett</name>
  <name>Rhiannon</name>
  <name>Rhys</name>
  <name>Rihanna</name>
  <name>Rinaldi</name>
  <name>Ringwraith</name>
  <name>Rio de Janeiro</name>
  <name>Rivka</name>
  <name>Riya</name>
  <name>Rob</name>
  <name>Robert De Niro</name>
  <name>Robyn</name>
  <name>Rochway</name>
  <name>Rodolfo</name>
  <name>Rodrigo</name>
  <name>Rogelio</name>
  <name>Rogen</name>
  <name>Rohan</name>
  <name>Roland</name>
  <name>Rolexes</name>
  <name>Ronan</name>
  <name>Ronin</name>
  <name>Rosa</name>
  <name>Rose</name>
  <name>Roselyn</name>
  <name>Rowan</name>
  <name>Rowen</name>
  <name>Roxane</name>
  <name>Royce</name>
  <name>Ryann</name>
  <name>Ryder</name>
  <name>Ryker</name>
  <name>Rylan</name>
  <name>Ryland</name>
  <name>Rylee</name>
  <name>Ryleigh</name>
  <name>Rylen</name>
  <name>Rylie</name>
  <name>Saanvi</name>
  <name>Sage</name>
  <name>Saige</name>
  <name>Salma</name>
  <name>Samara</name>
  <name>Samir</name>
  <name>Samiya</name>
  <name>Samiyah</name>
  <name>Samson</name>
  <name>San Francisco</name>
  <name>Sanaa</name>
  <name>Sandberg</name>
  <name>Saniya</name>
  <name>Saniyah</name>
  <name>Santino</name>
  <name>Sao Paulo</name>
  <name>Sarahi</name>
  <name>Sarai</name>
  <name>Sariah</name>
  <name>Sariel</name>
  <name>Sariyah</name>
  <name>Sarrazin</name>
  <name>Satnam</name>
  <name>Sauron</name>
  <name>Seagrave</name>
  <name>Segway</name>
  <name>Selah</name>
  <name>Semaj</name>
  <name>Seoul</name>
  <name>Serenity</name>
  <name>Sergio</name>
  <name>Shaniya</name>
  <name>Shayla</name>
  <name>Shelby</name>
  <name>Shenyang</name>
  <name>Sherlyn</name>
  <name>Shiloh</name>
  <name>Shumway</name>
  <name>Siena</name>
  <name>Sienna</name>
  <name>Simon Cowell</name>
  <name>Sincere</name>
  <name>Skokie</name>
  <name>Skye</name>
  <name>Skyla</name>
  <name>Skylar</name>
  <name>Skyler</name>
  <name>Slade</name>
  <name>Sloane</name>
  <name>Smaug</name>
  <name>Smithers</name>
  <name>Soos</name>
  <name>Soren</name>
  <name>St. Louis</name>
  <name>St. Lucia</name>
  <name>St. Petersburg</name>
  <name>Stanislaus</name>
  <name>Stanny's</name>
  <name>Star Trek</name>
  <name>Sterling</name>
  <name>Stillman</name>
  <name>Sturridge</name>
  <name>Suez</name>
  <name>Sylas</name>
  <name>Taipei</name>
  <name>Talia</name>
  <name>Taliyah</name>
  <name>Talon</name>
  <name>Tamia</name>
  <name>Taraji</name>
  <name>Taryn</name>
  <name>Tatum</name>
  <name>Tauriel</name>
  <name>Teagan</name>
  <name>Tegan</name>
  <name>Tehran</name>
  <name>Tenley</name>
  <name>Terrell</name>
  <name>Tertullian</name>
  <name>Tetris</name>
  <name>Thaddeus</name>
  <name>Thalia</name>
  <name>Thieny</name>
  <name>Thierry</name>
  <name>Thorin</name>
  <name>Tia</name>
  <name>Tiana</name>
  <name>Tianjin</name>
  <name>Tianna</name>
  <name>Tilman Riemenschneider</name>
  <name>Tinley</name>
  <name>Tofino</name>
  <name>Tom</name>
  <name>Tomas</name>
  <name>Tooley</name>
  <name>Trevon</name>
  <name>Trey</name>
  <name>Trinity</name>
  <name>Tristen</name>
  <name>Tristian</name>
  <name>Tristin</name>
  <name>Triston</name>
  <name>Trystan</name>
  <name>Tunis</name>
  <name>Twix</name>
  <name>Tyree</name>
  <name>Tyrese</name>
  <name>Ulises</name>
  <name>Uriah</name>
  <name>Uriel</name>
  <name>Urijah</name>
  <name>Vaeletta</name>
  <name>Valentin</name>
  <name>Valeria</name>
  <name>Van</name>
  <name>Vance</name>
  <name>Vera</name>
  <name>Vicente</name>
  <name>Vienna</name>
  <name>Vihaan</name>
  <name>Vincenzo</name>
  <name>Viney</name>
  <name>Viviana</name>
  <name>Vrataski</name>
  <name>Wade</name>
  <name>Wadsworth</name>
  <name>Warmbrunn</name>
  <name>Warsaw</name>
  <name>Waylon</name>
  <name>Wembley</name>
  <name>Wes</name>
  <name>Westin</name>
  <name>Weston</name>
  <name>Westwood</name>
  <name>Wilco</name>
  <name>Willow</name>
  <name>Winnepeg</name>
  <name>Witkowski</name>
  <name>Witkowskis</name>
  <name>Wittenberg</name>
  <name>Wozniacki</name>
  <name>Wuhan</name>
  <name>Wymer</name>
  <name>Xian</name>
  <name>Ximena</name>
  <name>Xzavier</name>
  <name>Yadiel</name>
  <name>Yahir</name>
  <name>Yamilet</name>
  <name>Yamileth</name>
  <name>Yandel</name>
  <name>Yangon</name>
  <name>Yareli</name>
  <name>Yaretzi</name>
  <name>Yaritza</name>
  <name>Yasmin</name>
  <name>Yazmin</name>
  <name>Yehuda</name>
  <name>Yesenia</name>
  <name>Yokohama</name>
  <name>Yoselin</name>
  <name>Yuliana</name>
  <name>Yusuf</name>
  <name>Zachariah</name>
  <name>Zachery</name>
  <name>Zackary</name>
  <name>Zackery</name>
  <name>Zaiden</name>
  <name>Zain</name>
  <name>Zander</name>
  <name>Zaniyah</name>
  <name>Zara</name>
  <name>Zaria</name>
  <name>Zariah</name>
  <name>Zariyah</name>
  <name>Zavier</name>
  <name>Zayden</name>
  <name>Zayne</name>
  <name>Zechariah</name>
  <name>Ziegfeld</name>
  <name>Zion</name>
  <name>Zoie</name>
  <name>Zuri</name>
  <blacklist>
    <name>Male</name>
    <name>Bill</name>
    <name>Black</name>
  </blacklist>
</names>