﻿<?xml version="1.0" encoding="utf-8"?>
<!-- This list contains names/words with specific casing - and specific to French only -->
<names>
  <name>Abdon</name>
  <name>Abdonie</name>
  <name>Abdonise</name>
  <name>Abélard</name>
  <name>Abélie</name>
  <name>Abelin</name>
  <name>Abeline</name>
  <name>Abelle</name>
  <name>Abigaelle</name>
  <name>Abigaëlle</name>
  <name>Abigaïl</name>
  <name>Abondance</name>
  <name>Absalon</name>
  <name>Acace</name>
  <name>Acaciane</name>
  <name>Acacie</name>
  <name>Acanthe</name>
  <name>Achaire</name>
  <name>Achille</name>
  <name>Adalard</name>
  <name>Adalbald</name>
  <name>Adalbaude</name>
  <name>Adalbéron</name>
  <name>Adalbert</name>
  <name>Adalric</name>
  <name>Adalsinde</name>
  <name>Adegrin</name>
  <name>Adegrine</name>
  <name>Adel</name>
  <name>Adélaïde</name>
  <name>Adèle</name>
  <name>Adélice</name>
  <name>Adélie</name>
  <name>Adelin</name>
  <name>Adeline</name>
  <name>Adelphe</name>
  <name>Adeltrude</name>
  <name>Adenet</name>
  <name>Adéodat</name>
  <name>Adhémar</name>
  <name>Adjutor</name>
  <name>Adolphe</name>
  <name>Adolphie</name>
  <name>Adon</name>
  <name>Adonis</name>
  <name>Adonise</name>
  <name>Adraste</name>
  <name>Adrastée</name>
  <name>Adrehilde</name>
  <name>Adrien</name>
  <name>Adrienne</name>
  <name>Aelis</name>
  <name>Agapet</name>
  <name>Agathange</name>
  <name>Agathe</name>
  <name>Agathon</name>
  <name>Agénor</name>
  <name>Agilbert</name>
  <name>Agilberte</name>
  <name>Aglaé</name>
  <name>Agnan</name>
  <name>Agnane</name>
  <name>Agneflète</name>
  <name>Agnel</name>
  <name>Agnès</name>
  <name>Agrippin</name>
  <name>Agrippine</name>
  <name>Aignan</name>
  <name>Aignane</name>
  <name>Aimable</name>
  <name>Aimé</name>
  <name>Aimée</name>
  <name>Alaine</name>
  <name>Alban</name>
  <name>Albane</name>
  <name>Albérade</name>
  <name>Albéric</name>
  <name>Albertet</name>
  <name>Albertine</name>
  <name>Albin</name>
  <name>Albine</name>
  <name>Alcée</name>
  <name>Alcibiade</name>
  <name>Alcidie</name>
  <name>Alcime</name>
  <name>Alcine</name>
  <name>Alcyone</name>
  <name>Aldebert</name>
  <name>Aldegonde</name>
  <name>Aldegrin</name>
  <name>Aldemar</name>
  <name>Aldéric</name>
  <name>Aldonce</name>
  <name>Aldric</name>
  <name>Aleaume</name>
  <name>Aleth</name>
  <name>Alexandrine</name>
  <name>Alexane</name>
  <name>Alexiane</name>
  <name>Alexie</name>
  <name>Alexine</name>
  <name>Aliénor</name>
  <name>Aliette</name>
  <name>Aline</name>
  <name>Alizé</name>
  <name>Almine</name>
  <name>Almire</name>
  <name>Aloïs</name>
  <name>Aloys</name>
  <name>Aloyse</name>
  <name>Alphée</name>
  <name>Alphonse</name>
  <name>Alphonsie</name>
  <name>Alphonsine</name>
  <name>Alpinien</name>
  <name>Althée</name>
  <name>Alverède</name>
  <name>Amadis</name>
  <name>Amaliane</name>
  <name>Amalric</name>
  <name>Amalthée</name>
  <name>Amande</name>
  <name>Amandin</name>
  <name>Amandine</name>
  <name>Amant</name>
  <name>Amante</name>
  <name>Amantine</name>
  <name>Amarande</name>
  <name>Amaranthe</name>
  <name>Amaryllis</name>
  <name>Amarynthe</name>
  <name>Amaury</name>
  <name>Ambre</name>
  <name>Ambrine</name>
  <name>Ambroise</name>
  <name>Ambroisie</name>
  <name>Ambroisine</name>
  <name>Amédée</name>
  <name>Ameliane</name>
  <name>Amélie</name>
  <name>Amélien</name>
  <name>Ameline</name>
  <name>Améthyste</name>
  <name>Amiel</name>
  <name>Aminte</name>
  <name>Amour</name>
  <name>Anaël</name>
  <name>Anaelle</name>
  <name>Anaïs</name>
  <name>Anastase</name>
  <name>Anastasiane</name>
  <name>Anastasie</name>
  <name>Anatole</name>
  <name>Anatolie</name>
  <name>Anatoline</name>
  <name>Ancelin</name>
  <name>Anceline</name>
  <name>Andelin</name>
  <name>Andéol</name>
  <name>André</name>
  <name>Andrée</name>
  <name>Anémone</name>
  <name>Angadrême</name>
  <name>Angelin</name>
  <name>Angeline</name>
  <name>Angélique</name>
  <name>Angilbe</name>
  <name>Angilberte</name>
  <name>Angilran</name>
  <name>Anglebert</name>
  <name>Angoustan</name>
  <name>Anicet</name>
  <name>Anicette</name>
  <name>Anis</name>
  <name>Annibal</name>
  <name>Annonciade</name>
  <name>Ansbert</name>
  <name>Ansberte</name>
  <name>Anselme</name>
  <name>Anstrudie</name>
  <name>Antheaume</name>
  <name>Anthelme</name>
  <name>Anthelmette</name>
  <name>Anthelmine</name>
  <name>Anthime</name>
  <name>Antide</name>
  <name>Antigone</name>
  <name>Antoinette</name>
  <name>Antonin</name>
  <name>Antonine</name>
  <name>Aphélie</name>
  <name>Apollinaire</name>
  <name>Apolline</name>
  <name>Apollon</name>
  <name>Apollonie</name>
  <name>Aquilin</name>
  <name>Aquiline</name>
  <name>Arabelle</name>
  <name>Arcade</name>
  <name>Arcadiane</name>
  <name>Arcadie</name>
  <name>Archambaud</name>
  <name>Archambeau</name>
  <name>Argine</name>
  <name>Arian</name>
  <name>Ariane</name>
  <name>Aricie</name>
  <name>Arielle</name>
  <name>Ariste</name>
  <name>Aristide</name>
  <name>Aristion</name>
  <name>Arlette</name>
  <name>Armance</name>
  <name>Armande</name>
  <name>Armandie</name>
  <name>Armandine</name>
  <name>Armel</name>
  <name>Armeline</name>
  <name>Armelle</name>
  <name>Armide</name>
  <name>Armin</name>
  <name>Armine</name>
  <name>Arminie</name>
  <name>Arnalde</name>
  <name>Arnaud</name>
  <name>Arnaude</name>
  <name>Arnould</name>
  <name>Arolde</name>
  <name>Arsène</name>
  <name>Arsènie</name>
  <name>Artémis</name>
  <name>Arthaud</name>
  <name>Arthème</name>
  <name>Arthurine</name>
  <name>Ascelin</name>
  <name>Asceline</name>
  <name>Astérie</name>
  <name>Astrée</name>
  <name>Astride</name>
  <name>Athalie</name>
  <name>Athanase</name>
  <name>Athanasie</name>
  <name>Athénaïs</name>
  <name>Athina</name>
  <name>Aubane</name>
  <name>Aube</name>
  <name>Aubérie</name>
  <name>Aubert</name>
  <name>Aubertin</name>
  <name>Aubertine</name>
  <name>Aubin</name>
  <name>Aubry</name>
  <name>Aude</name>
  <name>Audebert</name>
  <name>Audeline</name>
  <name>Audette</name>
  <name>Audouin</name>
  <name>Audran</name>
  <name>Audric</name>
  <name>Auguste</name>
  <name>Augustine</name>
  <name>Aulde</name>
  <name>Aure</name>
  <name>Aurèle</name>
  <name>Aurélia</name>
  <name>Aurélie</name>
  <name>Aurélien</name>
  <name>Aurélienne</name>
  <name>Aurelle</name>
  <name>Aurian</name>
  <name>Auriane</name>
  <name>Aurore</name>
  <name>Automne</name>
  <name>Auxane</name>
  <name>Auxence</name>
  <name>Aveline</name>
  <name>Avigaelle</name>
  <name>Avigaïl</name>
  <name>Avoye</name>
  <name>Avril</name>
  <name>Axeline</name>
  <name>Axellane</name>
  <name>Axelle</name>
  <name>Aymard</name>
  <name>Aymardine</name>
  <name>Aymeric</name>
  <name>Aymon</name>
  <name>Aymond</name>
  <name>Aymonde</name>
  <name>Azalée</name>
  <name>Azel</name>
  <name>Azélie</name>
  <name>Azeline</name>
  <name>Azelle</name>
  <name>Baptiste</name>
  <name>Barbe</name>
  <name>Barnabé</name>
  <name>Barthélemy</name>
  <name>Basile</name>
  <name>Bastien</name>
  <name>Baudouin</name>
  <name>Béatrice</name>
  <name>Béatrix</name>
  <name>Bénédicte</name>
  <name>Bénigne</name>
  <name>Benoît</name>
  <name>Béranger</name>
  <name>Bérangère</name>
  <name>Berthe</name>
  <name>Bertrand</name>
  <name>Beuve</name>
  <name>Blanche</name>
  <name>Blandine</name>
  <name>Bodon</name>
  <name>Boniface</name>
  <name>Bouchard</name>
  <name>Brigitte</name>
  <name>Brunehaut</name>
  <name>Brunehilde</name>
  <name>Brunon</name>
  <name>Calixte</name>
  <name>Calliste</name>
  <name>Camélien</name>
  <name>Camillien</name>
  <name>Candide</name>
  <name>Capucine</name>
  <name>Caribert</name>
  <name>Carle</name>
  <name>Carloman</name>
  <name>Cassandre</name>
  <name>Cassien</name>
  <name>Cathaline</name>
  <name>Cécile</name>
  <name>Cédric</name>
  <name>Célestin</name>
  <name>Célestine</name>
  <name>Célia</name>
  <name>Célien</name>
  <name>Céline</name>
  <name>Césaire</name>
  <name>César</name>
  <name>Chamas</name>
  <name>Charlène</name>
  <name>Charline</name>
  <name>Childebert</name>
  <name>Chilpéric</name>
  <name>Chloé</name>
  <name>Chrétien</name>
  <name>Christelle</name>
  <name>Christodule</name>
  <name>Christophe</name>
  <name>Chrystèle</name>
  <name>Clara</name>
  <name>Claudie</name>
  <name>Claudien</name>
  <name>Cléandre</name>
  <name>Clémence</name>
  <name>Clément</name>
  <name>Clotaire</name>
  <name>Clotilde</name>
  <name>Clovis</name>
  <name>Colas</name>
  <name>Coline</name>
  <name>Côme</name>
  <name>Constance</name>
  <name>Constant</name>
  <name>Constantin</name>
  <name>Coralie</name>
  <name>Coraline</name>
  <name>Corentin</name>
  <name>Corentine</name>
  <name>Cosette</name>
  <name>Cyprien</name>
  <name>Cyriaque</name>
  <name>Cyrielle</name>
  <name>Cyrille</name>
  <name>Danièle</name>
  <name>Daphné</name>
  <name>Daphnée</name>
  <name>Delphine</name>
  <name>Denis</name>
  <name>Désiré</name>
  <name>Didier</name>
  <name>Dieudonné</name>
  <name>Dieudonnée</name>
  <name>Doriane</name>
  <name>Dorianne</name>
  <name>Dorine</name>
  <name>Douce</name>
  <name>Edouard</name>
  <name>Eléis</name>
  <name>Eléna</name>
  <name>Eléonore</name>
  <name>Elia</name>
  <name>Eliane</name>
  <name>Elie</name>
  <name>Eliette</name>
  <name>Élisabeth</name>
  <name>Elise</name>
  <name>Elisée</name>
  <name>Elodie</name>
  <name>Eloïse</name>
  <name>Emeline</name>
  <name>Emeric</name>
  <name>Emilien</name>
  <name>Emmanuelle</name>
  <name>Epiphane</name>
  <name>Ernestine</name>
  <name>Estelle</name>
  <name>Estevan</name>
  <name>Etienne</name>
  <name>Eudes</name>
  <name>Eudoxe</name>
  <name>Eugène</name>
  <name>Eugénie</name>
  <name>Eulalie</name>
  <name>Eusèbe</name>
  <name>Eustache</name>
  <name>Eva</name>
  <name>Evangéline</name>
  <name>Evelyne</name>
  <name>Fabien</name>
  <name>Fabrice</name>
  <name>Falba</name>
  <name>Fantine</name>
  <name>Faustine</name>
  <name>Félicie</name>
  <name>Félicité</name>
  <name>Félix</name>
  <name>Ferdinand</name>
  <name>Fernand</name>
  <name>Fernande</name>
  <name>Fiacre</name>
  <name>Firmin</name>
  <name>Flavie</name>
  <name>Flavien</name>
  <name>Flodoard</name>
  <name>Flore</name>
  <name>Florent</name>
  <name>Florentin</name>
  <name>Florian</name>
  <name>Florie</name>
  <name>Fortuné</name>
  <name>Fortunée</name>
  <name>Foulques</name>
  <name>Francia</name>
  <name>Franck</name>
  <name>Françoise</name>
  <name>Frédéric</name>
  <name>Fulbert</name>
  <name>Fulcran</name>
  <name>Fulgence</name>
  <name>Gabin</name>
  <name>Gaël</name>
  <name>Gaëlle</name>
  <name>Galeran</name>
  <name>Galerand</name>
  <name>Garnier</name>
  <name>Gaspard</name>
  <name>Gaston</name>
  <name>Gatien</name>
  <name>Gaud</name>
  <name>Gautier</name>
  <name>Geneviève</name>
  <name>Geoffroy</name>
  <name>Georges</name>
  <name>Georgette</name>
  <name>Gérald</name>
  <name>Gérard</name>
  <name>Géraud</name>
  <name>Gerberge</name>
  <name>Germain</name>
  <name>Germaine</name>
  <name>Gertrude</name>
  <name>Gervais</name>
  <name>Ghislain</name>
  <name>Gilles</name>
  <name>Girart</name>
  <name>Gisèle</name>
  <name>Gislebert</name>
  <name>Gondebaud</name>
  <name>Gonthier</name>
  <name>Gontran</name>
  <name>Gonzague</name>
  <name>Grégoire</name>
  <name>Guenièvre</name>
  <name>Guérin</name>
  <name>Gui</name>
  <name>Guilhem</name>
  <name>Guilhemine</name>
  <name>Guillemette</name>
  <name>Gustaphine</name>
  <name>Gustave</name>
  <name>Gustavine</name>
  <name>Guy</name>
  <name>Guyot</name>
  <name>Gwenael</name>
  <name>Gwenaëlle</name>
  <name>Gwendoline</name>
  <name>Gwladys</name>
  <name>Hardouin</name>
  <name>Harmonie</name>
  <name>Hédelin</name>
  <name>Hedwige</name>
  <name>Hélène</name>
  <name>Hélier</name>
  <name>Héloïse</name>
  <name>Henriette</name>
  <name>Herluin</name>
  <name>Hilaire</name>
  <name>Hildebert</name>
  <name>Hincmar</name>
  <name>Honoré</name>
  <name>Hortense</name>
  <name>Hugues</name>
  <name>Huguette</name>
  <name>Inès</name>
  <name>Innocent</name>
  <name>Irène</name>
  <name>Iris</name>
  <name>Isaline</name>
  <name>Iseult</name>
  <name>Isidore</name>
  <name>Jacinthe</name>
  <name>Jacqueline</name>
  <name>Jade</name>
  <name>Japhet</name>
  <name>Jeanine</name>
  <name>Jeannel</name>
  <name>Jeannot</name>
  <name>Jérémie</name>
  <name>Jérôme</name>
  <name>Joanny</name>
  <name>Job</name>
  <name>Jocelyn</name>
  <name>Jocelyne</name>
  <name>Joël</name>
  <name>Joëlle</name>
  <name>Johan</name>
  <name>Joséphine</name>
  <name>Josse</name>
  <name>Josselin</name>
  <name>Jourdain</name>
  <name>Jude</name>
  <name>Judicaël</name>
  <name>Julien</name>
  <name>Juste</name>
  <name>Justine</name>
  <name>Karine</name>
  <name>Kilian</name>
  <name>Lætitia</name>
  <name>Lambert</name>
  <name>Laure</name>
  <name>Laureene</name>
  <name>Laureline</name>
  <name>Laurène</name>
  <name>Laurianne</name>
  <name>Laurine</name>
  <name>Léa</name>
  <name>Leila</name>
  <name>Léna</name>
  <name>Lennaic</name>
  <name>Léo</name>
  <name>Léon</name>
  <name>Léonie</name>
  <name>Léonne</name>
  <name>Léopold</name>
  <name>Létaud</name>
  <name>Leu</name>
  <name>Leufroy</name>
  <name>Liétald</name>
  <name>Lilian</name>
  <name>Lilou</name>
  <name>Lison</name>
  <name>Loïc</name>
  <name>Lorène</name>
  <name>Lorrain</name>
  <name>Lothaire</name>
  <name>Loup</name>
  <name>Lucie</name>
  <name>Lucien</name>
  <name>Lucienne</name>
  <name>Ludivine</name>
  <name>Ludolphe</name>
  <name>Ludovic</name>
  <name>Lydie</name>
  <name>Madyson</name>
  <name>Maëlys</name>
  <name>Magali</name>
  <name>Maguelone</name>
  <name>Mahault</name>
  <name>Mahaut</name>
  <name>Malaury</name>
  <name>Malhaury</name>
  <name>Mallaury</name>
  <name>Malo</name>
  <name>Mamert</name>
  <name>Manassès</name>
  <name>Manon</name>
  <name>Marceau</name>
  <name>Marcel</name>
  <name>Marcelin</name>
  <name>Marceline</name>
  <name>Margaux</name>
  <name>Margot</name>
  <name>Marina</name>
  <name>Marine</name>
  <name>Marius</name>
  <name>Marlène</name>
  <name>Marthe</name>
  <name>Martine</name>
  <name>Mathias</name>
  <name>Mathieu</name>
  <name>Mathurin</name>
  <name>Matthias</name>
  <name>Matthieu</name>
  <name>Maud</name>
  <name>Maugis</name>
  <name>Mauricet</name>
  <name>Mauricette</name>
  <name>Maxence</name>
  <name>Maximilien</name>
  <name>Mayeul</name>
  <name>Médéric</name>
  <name>Mélina</name>
  <name>Méline</name>
  <name>Mélisande</name>
  <name>Mélisandre</name>
  <name>Mélisende</name>
  <name>Mélissa</name>
  <name>Mélissandre</name>
  <name>Mélysandre</name>
  <name>Mence</name>
  <name>Mérovée</name>
  <name>Michèle</name>
  <name>Micheline</name>
  <name>Mireille</name>
  <name>Moïse</name>
  <name>Moïsette</name>
  <name>Morgane</name>
  <name>Murielle</name>
  <name>Mylène</name>
  <name>Nadège</name>
  <name>Naël</name>
  <name>Nathalie</name>
  <name>Naudet</name>
  <name>Néhémie</name>
  <name>Nestor</name>
  <name>Nicci</name>
  <name>Noé</name>
  <name>Noël</name>
  <name>Noëlle</name>
  <name>Noémie</name>
  <name>Nolwenn</name>
  <name>Norbert</name>
  <name>Norgot</name>
  <name>Noyale</name>
  <name>Océan</name>
  <name>Océane</name>
  <name>Octave</name>
  <name>Odile</name>
  <name>Odilon</name>
  <name>Odon</name>
  <name>Oger</name>
  <name>Olive</name>
  <name>Olympe</name>
  <name>Ophélie</name>
  <name>Orlane</name>
  <name>Othon</name>
  <name>Ozanne</name>
  <name>Pacôme</name>
  <name>Pascale</name>
  <name>Pascaline</name>
  <name>Paterne</name>
  <name>Patrice</name>
  <name>Paule</name>
  <name>Pauline</name>
  <name>Pécine</name>
  <name>Pélagie</name>
  <name>Pénélope</name>
  <name>Pépin</name>
  <name>Perceval</name>
  <name>Perrine</name>
  <name>Pétronille</name>
  <name>Philémon</name>
  <name>Philibert</name>
  <name>Philippine</name>
  <name>Philomène</name>
  <name>Pollyanna</name>
  <name>Primerose</name>
  <name>Priscille</name>
  <name>Prosper</name>
  <name>Pulchérie</name>
  <name>Raoul</name>
  <name>Raphaël</name>
  <name>Raphaëlle</name>
  <name>Raymonde</name>
  <name>Régine</name>
  <name>Régis</name>
  <name>Réjean</name>
  <name>Réjeanne</name>
  <name>Rémi</name>
  <name>Rémy</name>
  <name>Renaud</name>
  <name>René</name>
  <name>Reybaud</name>
  <name>Roch</name>
  <name>Rodolphe</name>
  <name>Roland</name>
  <name>Rolande</name>
  <name>Romain</name>
  <name>Roméo</name>
  <name>Romuald</name>
  <name>Ronan</name>
  <name>Rose</name>
  <name>Roselin</name>
  <name>Roseline</name>
  <name>Sabine</name>
  <name>Salomé</name>
  <name>Sandrine</name>
  <name>Savin</name>
  <name>Sébastien</name>
  <name>Ségolène</name>
  <name>Serge</name>
  <name>Séverin</name>
  <name>Séverine</name>
  <name>Sibylle</name>
  <name>Sidoine</name>
  <name>Sigebert</name>
  <name>Sigismond</name>
  <name>Siméon</name>
  <name>Sixte</name>
  <name>Sixtine</name>
  <name>Solange</name>
  <name>Soleine</name>
  <name>Solène</name>
  <name>Soline</name>
  <name>Stanislas</name>
  <name>Stéphan</name>
  <name>Stéphane</name>
  <name>Stéphanie</name>
  <name>Suzette</name>
  <name>Suzon</name>
  <name>Sylvain</name>
  <name>Sylvestre</name>
  <name>Sylviane</name>
  <name>Sylvie</name>
  <name>Syrine</name>
  <name>Tancrède</name>
  <name>Tanguy</name>
  <name>Taurin</name>
  <name>Thaïs</name>
  <name>Théo</name>
  <name>Théodebert</name>
  <name>Théodora</name>
  <name>Théodore</name>
  <name>Théophile</name>
  <name>Thérèse</name>
  <name>Thibault</name>
  <name>Thibert</name>
  <name>Thierry</name>
  <name>Timoléon</name>
  <name>Timothée</name>
  <name>Tiphaine</name>
  <name>Titien</name>
  <name>Tonnin</name>
  <name>Trajan</name>
  <name>Turold</name>
  <name>Ulrich</name>
  <name>Ulysse</name>
  <name>Urbain</name>
  <name>Uther</name>
  <name>Valentin</name>
  <name>Valère</name>
  <name>Valérie</name>
  <name>Valéry</name>
  <name>Venceslas</name>
  <name>Victoire</name>
  <name>Victorin</name>
  <name>Victorine</name>
  <name>Vinciane</name>
  <name>Violette</name>
  <name>Virginie</name>
  <name>Viviane</name>
  <name>Vivien</name>
  <name>Waleran</name>
  <name>Walerand</name>
  <name>Wandrille</name>
  <name>Xavière</name>
  <name>Yann</name>
  <name>Yannick</name>
  <name>Yoann</name>
  <name>Yolande</name>
  <name>Ysaline</name>
  <name>Yse</name>
  <name>Ysé</name>
  <name>Yseult</name>
  <name>Ysoie</name>
  <name>Ysoline</name>
  <name>Yves</name>
  <name>Yvette</name>
  <name>Yvon</name>
  <name>Zacharie</name>
  <name>Zaché</name>
  <name>Zéphir</name>
  <name>Zéphirin</name>
  <name>Zoé</name>
  <blacklist>
    <name></name>
  </blacklist>
</names>